,Time - mean,Time - STD,Time - Replicate 1,Time - Replicate 2,Time - Replicate 3,Time - Replicate 4,Time - Replicate 5,Time - Replicate 6,Time - Replicate 7,Time - Replicate 8,Time - Replicate 9,Time - Replicate 10,FP rate,FP Precision@90 - mean,FP Precision@90 - STD,FP Precision@90 - Replicate 1,FP Precision@90 - Replicate 2,FP Precision@90 - Replicate 3,FP Precision@90 - Replicate 4,FP Precision@90 - Replicate 5,FP Precision@90 - Replicate 6,FP Precision@90 - Replicate 7,FP Precision@90 - Replicate 8,FP Precision@90 - Replicate 9,FP Precision@90 - Replicate 10,TP rate,TP Precision@90 - mean,TP Precision@90 - STD,TP Precision@90 - Replicate 1,TP Precision@90 - Replicate 2,TP Precision@90 - Replicate 3,TP Precision@90 - Replicate 4,TP Precision@90 - Replicate 5,TP Precision@90 - Replicate 6,TP Precision@90 - Replicate 7,TP Precision@90 - Replicate 8,TP Precision@90 - Replicate 9,TP Precision@90 - Replicate 10,FP EF10 - mean,FP EF10 - STD,FP EF10 - Replicate 1,FP EF10 - Replicate 2,FP EF10 - Replicate 3,FP EF10 - Replicate 4,FP EF10 - Replicate 5,FP EF10 - Replicate 6,FP EF10 - Replicate 7,FP EF10 - Replicate 8,FP EF10 - Replicate 9,FP EF10 - Replicate 10,TP EF10 - mean,TP EF10 - STD,TP EF10 - Replicate 1,TP EF10 - Replicate 2,TP EF10 - Replicate 3,TP EF10 - Replicate 4,TP EF10 - Replicate 5,TP EF10 - Replicate 6,TP EF10 - Replicate 7,TP EF10 - Replicate 8,TP EF10 - Replicate 9,TP EF10 - Replicate 10,FP BEDROC20 - mean,FP BEDROC20 - STD,FP BEDROC20 - Replicate 1,FP BEDROC20 - Replicate 2,FP BEDROC20 - Replicate 3,FP BEDROC20 - Replicate 4,FP BEDROC20 - Replicate 5,FP BEDROC20 - Replicate 6,FP BEDROC20 - Replicate 7,FP BEDROC20 - Replicate 8,FP BEDROC20 - Replicate 9,FP BEDROC20 - Replicate 10,TP BEDROC20 - mean,TP BEDROC20 - STD,TP BEDROC20 - Replicate 1,TP BEDROC20 - Replicate 2,TP BEDROC20 - Replicate 3,TP BEDROC20 - Replicate 4,TP BEDROC20 - Replicate 5,TP BEDROC20 - Replicate 6,TP BEDROC20 - Replicate 7,TP BEDROC20 - Replicate 8,TP BEDROC20 - Replicate 9,TP BEDROC20 - Replicate 10,FP Scaffold- mean,FP Scaffold - STD,FP Scaffold - Replicate 1,FP Scaffold - Replicate 2,FP Scaffold - Replicate 3,FP Scaffold - Replicate 4,FP Scaffold - Replicate 5,FP Scaffold - Replicate 6,FP Scaffold - Replicate 7,FP Scaffold - Replicate 8,FP Scaffold - Replicate 9,FP Scaffold - Replicate 10,TP Scaffold- mean,TP Scaffold - STD,TP Scaffold - Replicate 1,TP Scaffold - Replicate 2,TP Scaffold - Replicate 3,TP Scaffold - Replicate 4,TP Scaffold - Replicate 5,TP Scaffold - Replicate 6,TP Scaffold - Replicate 7,TP Scaffold - Replicate 8,TP Scaffold - Replicate 9,TP Scaffold - Replicate 10
transcription_5,5.918623566627502,0.10900754129879651,5.6181159019470215,6.030046224594116,5.995992422103882,5.960154056549072,5.896121025085449,5.92149806022644,5.900653600692749,5.954320192337036,5.911738157272339,5.997596025466919,0.8592233009708737,0.9157355698066707,0.006361614188112045,0.926605504587156,0.9017857142857143,0.9181818181818182,0.9099099099099099,0.9107142857142857,0.9181818181818182,0.9181818181818182,0.9174311926605505,0.9181818181818182,0.9181818181818182,0.14077669902912626,0.14723625219901287,0.013396518667220808,0.16071428571428573,0.12727272727272726,0.16666666666666666,0.13333333333333333,0.16981132075471697,0.14814814814814814,0.14285714285714285,0.14035087719298245,0.14285714285714285,0.14035087719298245,0.7868213391057315,0.005466047142212769,0.7961610403491582,0.7748352981969486,0.7889232127096204,0.7818157963789032,0.78250693481276,0.7889232127096204,0.7889232127096204,0.7882782577714439,0.7889232127096204,0.7889232127096204,0.020727433561996956,0.0018859176764534147,0.022624826629681,0.01791703442188879,0.023462783171521034,0.018770226537216828,0.023905477193625204,0.020855807263574253,0.020110957004160886,0.019758133197070343,0.020110957004160886,0.019758133197070343,0.9411375497306359,0.010263476000884616,0.953669533960305,0.9461702676847957,0.9330111007396085,0.9306074919982502,0.9550446484548369,0.9509226423540441,0.9267047031504035,0.9277881064303889,0.9421484634061051,0.9453085391276213,0.13708064622245217,0.016887742598427572,0.16178596312344104,0.11977049541297155,0.16327452892616975,0.11403698889305712,0.14943318129977612,0.13648748536874458,0.14580046795243629,0.13718277748476235,0.11912815839057958,0.12390641537258319,57.0608695652174,0.500736697352624,56.0,57.91304347826087,57.21739130434783,56.69565217391305,56.69565217391305,56.869565217391305,57.391304347826086,57.04347826086956,57.391304347826086,57.391304347826086,52.50434782608695,0.45650103472718884,53.04347826086956,52.69565217391305,52.52173913043478,52.17391304347826,52.52173913043478,52.0,52.69565217391305,51.82608695652174,53.391304347826086,52.17391304347826
channel_atp,1.7615981340408324,0.04543120486219677,1.640275239944458,1.7665386199951172,1.7842869758605957,1.7680273056030273,1.807009220123291,1.7662672996520996,1.7536954879760742,1.7914152145385742,1.7361564636230469,1.802309513092041,0.4878048780487805,0.6525971661788593,0.017903683011862,0.6666666666666666,0.6633663366336634,0.6601941747572816,0.6923076923076923,0.6407766990291263,0.6534653465346535,0.64,0.6310679611650486,0.6310679611650486,0.6470588235294118,0.5121951219512195,0.6840162182818326,0.013422106423723367,0.6630434782608695,0.6703296703296703,0.6989247311827957,0.7065217391304348,0.6956521739130435,0.6847826086956522,0.6703296703296703,0.6923076923076923,0.6774193548387096,0.6808510638297872,0.31834008106285816,0.008733503908225365,0.3252032520325203,0.32359333494325043,0.32204593890599104,0.33771106941838647,0.312573999526403,0.3187635836754407,0.3121951219512195,0.3078380298366091,0.3078380298366091,0.3156384505021521,0.3503497703394752,0.006874737436541249,0.33960763520678683,0.34333958724202623,0.3579858379228954,0.3618769883351008,0.3563096500530223,0.35074231177094384,0.34333958724202623,0.3545966228893058,0.3469708890637293,0.3487285936689154,0.6613890456774592,0.008339666349916633,0.6594184658678228,0.6556051906908255,0.6779258734407588,0.6728270314906852,0.6639844857320896,0.6481495562728704,0.6589627160806704,0.6539607388151677,0.6638459630630216,0.6592104353206794,0.6771989327827151,0.006464782193851223,0.6660717897256327,0.6774708791175147,0.6813177995204396,0.6775618273444026,0.6712282275194544,0.6904870189444031,0.677384846681177,0.6723185907087402,0.6749606508926738,0.683187697372714,94.10714285714285,0.4374088826398512,93.75,93.75,93.75,93.75,93.75,93.75,94.64285714285714,94.64285714285714,94.64285714285714,94.64285714285714,82.32142857142858,0.778374811346551,82.14285714285714,82.14285714285714,82.14285714285714,81.25,83.92857142857143,81.25,82.14285714285714,82.14285714285714,83.03571428571429,83.03571428571429
transcription,3.133931803703308,0.07353426263660602,2.9245219230651855,3.147841215133667,3.174079179763794,3.158003807067871,3.1952810287475586,3.1347503662109375,3.151930570602417,3.177264928817749,3.107497215270996,3.1681478023529053,0.44337606837606836,0.5370795448610874,0.009948425316518116,0.550561797752809,0.5268817204301075,0.5217391304347826,0.5222222222222223,0.5393258426966292,0.5333333333333333,0.5402298850574713,0.5465116279069767,0.5434782608695652,0.5465116279069767,0.5566239316239316,0.7916082305243549,0.0086570931119673,0.7878787878787878,0.7959183673469388,0.797979797979798,0.7835051546391752,0.7835051546391752,0.79,0.8058252427184466,0.797979797979798,0.797979797979798,0.7755102040816326,0.23812821700571715,0.004410893703370741,0.24410592528570055,0.23360674570351989,0.23132664437012262,0.2315408357075024,0.23912417170844136,0.23646723646723644,0.23952500245603692,0.24231017690320014,0.24096525455221104,0.24231017690320014,0.4406280855803302,0.004818745204417699,0.4385521885521885,0.44302721088435376,0.4441746525079859,0.43611771962287427,0.43611771962287427,0.43973290598290604,0.4485416148037507,0.4441746525079859,0.4441746525079859,0.43166753881039593,0.533778537869572,0.011632562280274336,0.5242692980526246,0.5394396037137583,0.5258616182009321,0.5295170322829895,0.5354908923842514,0.5149224555049055,0.53075456680349,0.5448814634668255,0.5594421860779902,0.5332062622079531,0.753639805011366,0.010645975495191574,0.7677838390753848,0.7500732033894605,0.7624827291506922,0.7586815660291897,0.7448980643854259,0.7503335796633893,0.7447560348956849,0.7546001987308489,0.7692787753716679,0.733510059421914,83.82882882882883,0.6816552229919625,82.88288288288288,83.78378378378379,84.23423423423424,84.68468468468468,83.33333333333333,83.33333333333333,82.88288288288288,84.68468468468468,84.68468468468468,83.78378378378379,69.90990990990991,0.3370862510607187,69.81981981981981,70.27027027027027,70.27027027027027,69.81981981981981,70.27027027027027,69.81981981981981,69.36936936936937,69.36936936936937,70.27027027027027,69.81981981981981
transporter,4.712045693397522,0.08125378019959263,4.476157903671265,4.76535701751709,4.7585155963897705,4.73571252822876,4.764338970184326,4.737632989883423,4.698192596435547,4.719257593154907,4.719701766967773,4.745589971542358,0.30279069767441863,0.3486208612036755,0.004008833240964583,0.3469387755102041,0.34536082474226804,0.3520408163265306,0.34517766497461927,0.3520408163265306,0.34517766497461927,0.35384615384615387,0.34183673469387754,0.35353535353535354,0.350253807106599,0.6972093023255814,0.8631534895722115,0.0068704648035645835,0.852017937219731,0.8699551569506726,0.8654708520179372,0.8699551569506726,0.8577777777777778,0.8654708520179372,0.875,0.8616071428571429,0.8565022421524664,0.8577777777777778,0.10555915378771759,0.0012138374138920677,0.1050498338870432,0.10457204507312395,0.10659468438538207,0.1045165859992917,0.10659468438538207,0.1045165859992917,0.1071413237924866,0.10350498338870433,0.10704721634954194,0.10605359461692836,0.6017986422645327,0.004790151972345736,0.5940348315778496,0.6065408280321202,0.6034143289185525,0.6065408280321202,0.598050645994832,0.6034143289185525,0.6100581395348837,0.6007205149501662,0.5971613306914173,0.598050645994832,0.373778716110915,0.0028842674193043645,0.37022876525959814,0.37515530112868256,0.3728709337590905,0.3731211216283645,0.37621254409974914,0.37553890807111595,0.3707367162117207,0.36935270045859586,0.3757068065287973,0.3788633639634358,0.8688773423473861,0.0038768932169220955,0.8617485506280986,0.8714723924649191,0.8694202162310606,0.8697409940223072,0.8709406445586947,0.8686148916177014,0.876666982961072,0.8641725315627764,0.8692274399249231,0.8667687795023088,88.70292887029288,0.32409902478723357,88.7029288702929,88.28451882845188,88.7029288702929,88.7029288702929,89.1213389121339,88.28451882845188,89.1213389121339,88.28451882845188,89.1213389121339,88.7029288702929,77.15481171548117,0.7051171358306575,76.98744769874477,78.24267782426779,77.82426778242677,77.82426778242677,76.56903765690376,76.56903765690376,76.98744769874477,77.40585774058577,75.73221757322176,77.40585774058577
cysteine_protease,2.439306378364563,0.0730063509665322,2.2310187816619873,2.4495460987091064,2.468322515487671,2.428344964981079,2.4988327026367188,2.466611862182617,2.46693754196167,2.5003364086151123,2.4470956325531006,2.4360172748565674,0.5117241379310344,0.7136961294387394,0.014734829500869325,0.6842105263157895,0.7236842105263158,0.7236842105263158,0.72,0.7236842105263158,0.7027027027027027,0.7333333333333333,0.6933333333333334,0.7123287671232876,0.72,0.48827586206896556,0.6961248900646462,0.01471236741849421,0.6888888888888889,0.6923076923076923,0.7,0.7222222222222222,0.7142857142857143,0.6702127659574468,0.6923076923076923,0.6808510638297872,0.7078651685393258,0.6923076923076923,0.3652155365817549,0.007540167923893142,0.3501270417422867,0.3703266787658802,0.3703266787658802,0.36844137931034476,0.3703266787658802,0.3595899347623485,0.3752643678160919,0.35479540229885054,0.36451582427964097,0.36844137931034476,0.3399009808039789,0.0071836938843406195,0.336367816091954,0.3380371352785146,0.34179310344827585,0.3526436781609195,0.34876847290640395,0.32724871606749817,0.3380371352785146,0.3324431401320616,0.34563347539713285,0.3380371352785146,0.6781536970033696,0.004253675461912345,0.669181230237518,0.6822663119904633,0.6735307033545567,0.6780902968970012,0.6761937070453888,0.6795525593566517,0.6825810502200976,0.6839543924420778,0.6793358397717005,0.6768508787182409,0.7058974166324647,0.009677145100844328,0.7059868437178248,0.6858335389007261,0.718153427931749,0.7181045839579058,0.7091225630245074,0.6919060450128535,0.7109468435770024,0.7055156787461423,0.705813160288414,0.7075914811675228,89.48863636363636,0.4580828266078706,89.20454545454545,89.77272727272727,89.20454545454545,89.77272727272727,89.77272727272727,89.77272727272727,90.3409090909091,89.20454545454545,89.20454545454545,88.63636363636364,68.57954545454545,0.7644104572200974,68.18181818181819,69.88636363636364,69.31818181818181,67.61363636363636,68.75,68.75,68.75,67.04545454545455,68.75,68.75
dna_repair,2.0852391004562376,0.0518539475065603,1.9372210502624512,2.093471050262451,2.1348631381988525,2.0999794006347656,2.120438814163208,2.0898261070251465,2.0857748985290527,2.1162657737731934,2.0874922275543213,2.0870585441589355,0.36773428232502964,0.7374034813289627,0.020629478874974055,0.7346938775510204,0.7307692307692307,0.74,0.74,0.723404255319149,0.782608695652174,0.72,0.7254901960784313,0.7111111111111111,0.7659574468085106,0.6322657176749704,0.6961942257217848,0.009004786088653233,0.6929133858267716,0.6825396825396826,0.6904761904761905,0.6904761904761905,0.7063492063492064,0.6929133858267716,0.7165354330708661,0.6929133858267716,0.6984126984126984,0.6984126984126984,0.2711685399904845,0.007586166608827949,0.2701721257898177,0.268728898622137,0.2721233689205219,0.2721233689205219,0.2660205446606598,0.28779204703697975,0.2647686832740213,0.266787616588747,0.26149993409779887,0.28166881199363974,0.4401797417671546,0.005693417538851926,0.4381053791763574,0.4315464422225988,0.43656442410890806,0.43656442410890806,0.4466003878815267,0.4381053791763574,0.4530407898300968,0.4381053791763574,0.4415824059952173,0.4415824059952173,0.6524743912332787,0.015588438644819413,0.6529431500863724,0.6438295502791214,0.6447357045855578,0.6566869530025862,0.6459245471096189,0.6865399438292178,0.6539667198606319,0.6447128633582472,0.6257246300030963,0.6696798502183365,0.67579272946276,0.010794125067469998,0.6601852299537083,0.6727595926129963,0.672715742217684,0.6967905569405853,0.6826740168754746,0.6580734704350293,0.6813195580722008,0.671590825064898,0.6807102102717421,0.6811080921832815,46.87943262411348,1.2056737588652475,46.09929078014184,48.93617021276596,48.226950354609926,46.808510638297875,46.09929078014184,45.39007092198582,47.5177304964539,48.226950354609926,45.39007092198582,46.09929078014184,69.64539007092199,0.8858153189217579,69.50354609929079,70.92198581560284,69.50354609929079,69.50354609929079,68.79432624113475,70.92198581560284,68.08510638297872,68.79432624113475,70.2127659574468,70.2127659574468
GPCR_3,3.1633028030395507,0.05529175189834966,3.00347638130188,3.168012857437134,3.201864242553711,3.1732771396636963,3.1820313930511475,3.179363250732422,3.184784173965454,3.1595511436462402,3.169440269470215,3.2112271785736084,0.5945223780895124,0.7830582992462629,0.007708909157543161,0.7737226277372263,0.7857142857142857,0.7737226277372263,0.7841726618705036,0.7841726618705036,0.7883211678832117,0.7985611510791367,0.7898550724637681,0.7753623188405797,0.7769784172661871,0.40547762191048764,0.6692851812329561,0.007062145209345734,0.6666666666666666,0.6685393258426966,0.6759776536312849,0.6611111111111111,0.6741573033707865,0.6722222222222223,0.6666666666666666,0.6703910614525139,0.6555555555555556,0.6815642458100558,0.46554568225061715,0.004583119004818585,0.4599954166240023,0.4671247256417597,0.4599954166240023,0.4662081957680349,0.4662081957680349,0.46867457542822877,0.47476247458946674,0.4695865160272235,0.4609702496781002,0.461931056357319,0.2713801636662687,0.0028635418450720512,0.27031841460699174,0.2710777359963372,0.2740938114590447,0.2680657611519335,0.27335570016437366,0.27257106806205006,0.27031841460699174,0.2718285733478129,0.2658131076968752,0.27635904957027646,0.7693857332117287,0.004695063372420653,0.7700125813583465,0.7760880354369125,0.7636108833615002,0.7739124940298154,0.768475673412402,0.7681069539919999,0.7772260521688524,0.7642331749191116,0.7682347743527944,0.7639567090855512,0.6554680863221066,0.004519054658969777,0.6576843983695894,0.6559023696709553,0.6605588734369486,0.6619676404187008,0.64847570531113,0.6555000285292065,0.6490305466723048,0.6554907822127618,0.6595211298545653,0.6505493887449045,94.07960199004974,0.4132648688018946,93.53233830845771,94.02985074626865,94.02985074626865,94.02985074626865,94.02985074626865,95.02487562189054,93.53233830845771,94.02985074626865,94.5273631840796,94.02985074626865,81.74129353233832,0.9187156871949964,81.09452736318408,82.08955223880596,81.59203980099502,81.09452736318408,82.58706467661692,80.59701492537313,80.59701492537313,82.58706467661692,81.59203980099502,83.58208955223881
GPCR,8.947209072113036,0.1620766579364914,8.48595118522644,9.036958932876587,9.07883095741272,9.004345655441284,9.010139226913452,8.934614419937134,8.91140079498291,8.994363784790039,9.064011573791504,8.9514741897583,0.5064615384615384,0.7610008899387718,0.007838214856634834,0.7528089887640449,0.7640449438202247,0.7513812154696132,0.7771428571428571,0.7666666666666667,0.7584269662921348,0.7657142857142857,0.7611111111111111,0.7627118644067796,0.75,0.4935384615384616,0.4509814947623731,0.006279200968750153,0.4444444444444444,0.44751381215469616,0.45251396648044695,0.45652173913043476,0.45108695652173914,0.45108695652173914,0.4585635359116022,0.44021739130434784,0.46153846153846156,0.4463276836158192,0.38541768148899014,0.00396975435508336,0.38126879861711316,0.3869593777009507,0.380545686357841,0.393592967032967,0.38828717948717945,0.3841140881590319,0.3878048351648351,0.3854735042735042,0.3862842242503259,0.37984615384615383,0.22257671310733737,0.003099027185807769,0.21935042735042734,0.22086527836804082,0.22333304684142674,0.22531103678929765,0.22262876254180602,0.22262876254180602,0.22631874203144922,0.21726421404682275,0.22778698224852073,0.22027987831377663,0.7346077333315939,0.004918171532042501,0.7367925590392804,0.7335060113285349,0.7326967943996452,0.7403485338647622,0.7418451989352712,0.723221367803264,0.733177873753231,0.7365666929558309,0.736256797709232,0.7316655035268874,0.4799883788394295,0.007125277034866035,0.4843806842506024,0.4746110989806396,0.4739387586184924,0.49235843683767816,0.4741771906097304,0.4877912449189059,0.4887326171391615,0.47753012010677265,0.4730173379672044,0.473346298965108,67.54039497307,0.39983945154973277,66.96588868940754,67.50448833034112,67.86355475763015,67.68402154398564,68.04308797127469,66.96588868940754,67.32495511669659,67.14542190305207,67.86355475763015,68.04308797127469,63.07001795332136,0.44739446299379243,63.913824057450626,62.657091561938955,63.016157989228006,63.73429084380611,62.83662477558348,62.29802513464991,63.016157989228006,63.016157989228006,63.19569120287253,63.016157989228006
GPCR_2,2.6178480863571165,0.06663747386201824,2.4277901649475098,2.623530387878418,2.642756700515747,2.6306357383728027,2.6635916233062744,2.617328405380249,2.6381471157073975,2.6624038219451904,2.602181911468506,2.6701149940490723,0.838468720821662,0.8702281959634931,0.01101384807569936,0.88,0.8762886597938144,0.8712871287128713,0.8823529411764706,0.865979381443299,0.8571428571428571,0.8571428571428571,0.8865979381443299,0.8529411764705882,0.8725490196078431,0.16153127917833798,0.3154824094254999,0.011117992330237591,0.32456140350877194,0.32456140350877194,0.30434782608695654,0.3130434782608696,0.30973451327433627,0.3063063063063063,0.3076923076923077,0.3125,0.30973451327433627,0.34234234234234234,0.7296591222924527,0.009234767107355765,0.7378524743230626,0.7347406316478482,0.73054700428026,0.7398253419014664,0.7260966242166971,0.718687474989996,0.718687474989996,0.7433846390789993,0.7151644971714176,0.7316050603247836,0.05096027715276515,0.001795903522998228,0.05242681868068865,0.05242681868068865,0.04916169366297244,0.05056631348191451,0.050031812134883454,0.04947804947804948,0.049701932054873235,0.05047852474323063,0.050031812134883454,0.055298996475467065,0.871780379346335,0.009188373075037993,0.8792349894008535,0.8770185813671935,0.8635394492823542,0.8764055762515345,0.8636845983947483,0.8738556402669779,0.8550357929943206,0.8841672123343822,0.8632811974286114,0.8815807557423754,0.4010429624082472,0.007592943990557324,0.41696597622515685,0.396301250541372,0.391439880706738,0.41000452156696404,0.3997697991271674,0.4036767292609942,0.39926177489763937,0.3933073194703082,0.394676153353037,0.4050262189330956,85.3475935828877,0.5954828195540128,86.09625668449198,85.02673796791444,85.56149732620321,86.09625668449198,85.56149732620321,83.9572192513369,85.56149732620321,85.02673796791444,85.02673796791444,85.56149732620321,78.34224598930481,0.6439355389728463,79.14438502673796,77.54010695187166,78.07486631016043,78.07486631016043,78.6096256684492,78.07486631016043,78.07486631016043,77.54010695187166,79.67914438502673,78.6096256684492
ion_channel2,4.913141179084778,0.12729393653941573,4.540751695632935,4.99445366859436,5.0018720626831055,4.946074724197388,4.975396156311035,4.928255319595337,4.929989337921143,4.9607274532318115,4.9464452266693115,4.9074461460113525,0.20496894409937888,0.22128205967265888,0.0029476311953177074,0.2222222222222222,0.21904761904761905,0.21495327102803738,0.22429906542056074,0.21904761904761905,0.22549019607843138,0.22115384615384615,0.22115384615384615,0.22429906542056074,0.22115384615384615,0.7950310559006211,0.7923018546587696,0.00757954191388753,0.8081395348837209,0.8011695906432749,0.7906976744186046,0.7885714285714286,0.7906976744186046,0.7857142857142857,0.7906976744186046,0.7988505747126436,0.7823529411764706,0.7861271676300579,0.045355950119240644,0.0006041728536986604,0.045548654244306416,0.044897959183673466,0.044058744993324434,0.04597434260172984,0.044897959183673466,0.046218487394957986,0.04532967032967033,0.04532967032967033,0.04597434260172984,0.04532967032967033,0.6299045801013821,0.0060259712110410065,0.6424960277336415,0.6369547056045911,0.6286292069911887,0.626938775510204,0.6286292069911887,0.6246672582076308,0.6286292069911887,0.635111015920611,0.6219948849104859,0.6249955121530895,0.20511935965087424,0.003971463191783227,0.20198868382388596,0.20254880246904433,0.2033356642339201,0.20062170198287257,0.2027386344800849,0.21109489994398975,0.20096393036917562,0.2107204267765641,0.20996787382963605,0.20721297859956891,0.8326598854227439,0.009129573145431677,0.8349215017578059,0.8332283963979928,0.8305329765563613,0.8316552373677246,0.8519501342256599,0.8443633442183391,0.8249549700634077,0.8296166078328819,0.8178959374311962,0.8274797483760715,89.7584541062802,0.3093296733059335,89.3719806763285,90.33816425120773,90.09661835748793,89.61352657004831,89.85507246376811,89.3719806763285,89.85507246376811,89.3719806763285,89.85507246376811,89.85507246376811,73.88888888888889,0.4884963385545131,74.6376811594203,73.42995169082126,73.67149758454106,73.67149758454106,73.91304347826087,74.6376811594203,72.94685990338164,73.91304347826087,73.91304347826087,74.15458937198068
hsf1,8.466929841041566,0.1800734016651073,7.951504707336426,8.410807847976685,8.49154543876648,8.583113431930542,8.581117391586304,8.544167280197144,8.532003164291382,8.516651153564453,8.466415882110596,8.59197211265564,0.7542857142857143,0.7863141120379311,0.012730338688769936,0.8064516129032258,0.782608695652174,0.7978723404255319,0.7849462365591398,0.7717391304347826,0.782608695652174,0.7659574468085106,0.7934782608695652,0.7752808988764045,0.8021978021978022,0.24571428571428566,0.38607459830770907,0.023286240911282313,0.3870967741935484,0.3870967741935484,0.43548387096774194,0.3770491803278688,0.3968253968253968,0.390625,0.3384615384615385,0.36666666666666664,0.38461538461538464,0.3968253968253968,0.593105501651468,0.009602312610957895,0.6082949308755761,0.5903105590062112,0.601823708206687,0.5920737327188941,0.582111801242236,0.5903105590062112,0.5777507598784195,0.5985093167701864,0.5847833065810595,0.6050863422291994,0.09486404415560853,0.005721762052486511,0.09511520737327189,0.09511520737327189,0.10700460829493087,0.0926463700234192,0.09750566893424036,0.09598214285714286,0.08316483516483517,0.09009523809523809,0.09450549450549452,0.09750566893424036,0.7686306946850274,0.0064993310399574095,0.7693250615528383,0.7698037551402056,0.7654996860359011,0.7730387357078021,0.766430234769426,0.7736647253279778,0.7558822100192117,0.7797066492014626,0.760704384195341,0.7722515049001079,0.38617269128826076,0.007517142494412139,0.391492259767264,0.38806892092497786,0.3949812409966466,0.3928287933521365,0.38715758517715154,0.3902052265748938,0.3737929475551878,0.381408488795333,0.37188443228033463,0.3899070174586814,82.73092369477911,0.5608128531634095,82.73092369477912,82.53012048192771,82.93172690763052,82.73092369477912,83.53413654618474,83.73493975903614,82.53012048192771,81.72690763052209,82.73092369477912,82.1285140562249,69.83935742971889,0.5447654604919883,69.47791164658635,70.08032128514056,69.27710843373494,68.87550200803213,70.08032128514056,70.68273092369478,70.28112449799197,69.27710843373494,70.28112449799197,70.08032128514056
methylation,2.3821337938308718,0.05219912512635875,2.2382476329803467,2.3924810886383057,2.4274168014526367,2.3764567375183105,2.431270122528076,2.399378538131714,2.370262384414673,2.40571665763855,2.3698041439056396,2.410303831100464,0.7657058388765706,0.8588219741501131,0.012224634476381075,0.8661971830985915,0.8591549295774648,0.8531468531468531,0.8581560283687943,0.8601398601398601,0.8671328671328671,0.8741258741258742,0.8368794326241135,0.8391608391608392,0.8741258741258742,0.23429416112342938,0.5851636527369283,0.02138056164020676,0.5691056910569106,0.6166666666666667,0.5882352941176471,0.5950413223140496,0.5901639344262295,0.6083333333333333,0.5365853658536586,0.5901639344262295,0.5882352941176471,0.5691056910569106,0.6576050001622449,0.009360473996696813,0.6632522407170295,0.6578599460770536,0.6532595268737176,0.6570950815891138,0.6586141131595677,0.6639686994454178,0.6693232857312681,0.6408034679959953,0.6425503543020173,0.6693232857312681,0.13710042713792034,0.005009340753840014,0.13333814047674844,0.14448139935944815,0.1378200947784879,0.13941470744534643,0.13827196394169605,0.14252894801675287,0.1257188181637914,0.13827196394169605,0.1378200947784879,0.13333814047674844,0.8813549354281796,0.010655334057576979,0.8814941446270461,0.8916058040227127,0.8796999110385875,0.8734587967815332,0.8678334530592485,0.8953502308562197,0.8961906940131548,0.8834993621749619,0.8623479203702638,0.8820690373380659,0.5762329667216717,0.014350124034392368,0.5907029056448537,0.5987001203379453,0.558919853204237,0.5891179743121558,0.5694605008748959,0.5857310452541031,0.5650006564689191,0.5517388060459087,0.5735624239612683,0.5793953811124306,88.61842105263156,0.5921052631578928,88.8157894736842,88.15789473684211,88.8157894736842,89.47368421052632,88.15789473684211,88.15789473684211,87.5,89.47368421052632,88.8157894736842,88.8157894736842,69.73684210526316,1.0192061437387954,70.39473684210526,69.73684210526316,71.05263157894737,69.73684210526316,69.73684210526316,71.05263157894737,69.07894736842105,70.39473684210526,68.42105263157895,67.76315789473684
serine,1.6504247903823852,0.04092885282076987,1.5484721660614014,1.6476998329162598,1.6876623630523682,1.6353089809417725,1.6803481578826904,1.6626965999603271,1.6138091087341309,1.688751459121704,1.6616170406341553,1.677882194519043,0.9151943462897526,0.945132743362832,0.003539823008849563,0.9469026548672567,0.9469026548672567,0.9380530973451328,0.9380530973451328,0.9469026548672567,0.9469026548672567,0.9469026548672567,0.9469026548672567,0.9469026548672567,0.9469026548672567,0.0848056537102474,0.21238938053097348,0.008849557522123897,0.21238938053097345,0.22123893805309736,0.21238938053097345,0.21238938053097345,0.19469026548672566,0.20353982300884957,0.22123893805309736,0.22123893805309736,0.22123893805309736,0.20353982300884957,0.8649801432189873,0.00323962600456551,0.8665999562212702,0.8665999562212702,0.8585008912098564,0.8585008912098564,0.8665999562212702,0.8665999562212702,0.8665999562212702,0.8665999562212702,0.8665999562212702,0.8665999562212702,0.018011820257043686,0.0007504925107101532,0.018011820257043686,0.01876231276775384,0.018011820257043686,0.018011820257043686,0.01651083523562338,0.017261327746333533,0.01876231276775384,0.01876231276775384,0.01876231276775384,0.017261327746333533,0.940115036118323,0.004820820617460476,0.9409915057124503,0.9420011706045316,0.9422611691361227,0.9404477596183409,0.926208901046985,0.9384936981256025,0.9424268408291617,0.9420441643768245,0.9432213037670565,0.9430538479661554,0.388276582789461,0.01479996917666146,0.3815255560158064,0.4038086663821372,0.3799023215627183,0.39003693808155576,0.3598240762058762,0.37736425077197155,0.4057432408659696,0.40065018336045594,0.40638550268589513,0.37752509196222406,91.14035087719299,0.6140350877193013,91.2280701754386,91.2280701754386,91.2280701754386,92.10526315789474,90.35087719298245,91.2280701754386,90.35087719298245,92.10526315789474,91.2280701754386,90.35087719298245,88.24561403508771,0.8945648269461035,88.59649122807018,86.84210526315789,88.59649122807018,88.59649122807018,89.47368421052632,89.47368421052632,87.71929824561404,87.71929824561404,86.84210526315789,88.59649122807018
splicing,3.609352207183838,0.05143142202418493,3.4686272144317627,3.605022668838501,3.6557881832122803,3.6295278072357178,3.6642494201660156,3.632530927658081,3.5916147232055664,3.608694076538086,3.6222164630889893,3.615250587463379,0.12466983623877444,0.1882991930477964,0.003204025928703324,0.18333333333333332,0.18888888888888888,0.18888888888888888,0.18994413407821228,0.18994413407821228,0.18994413407821228,0.18888888888888888,0.18435754189944134,0.18435754189944134,0.19444444444444445,0.8753301637612255,0.9502111735913704,0.005041540088190874,0.9613259668508287,0.9502762430939227,0.9502762430939227,0.9560439560439561,0.9447513812154696,0.9502762430939227,0.9447513812154696,0.9502762430939227,0.9441340782122905,0.95,0.023475229561162148,0.0003994453878362302,0.022856136643775313,0.023548746845101838,0.023548746845101838,0.02368030409004654,0.02368030409004654,0.02368030409004654,0.023548746845101838,0.022983824557986348,0.022983824557986348,0.024241357046428363,0.8317485021874808,0.004413012111004905,0.8414776159914543,0.8318054594858055,0.8318054594858055,0.836854112606886,0.826969381232981,0.8318054594858055,0.826969381232981,0.8318054594858055,0.8264290372941179,0.8315636555731643,0.18784540874306732,0.0017100519000084137,0.187620183719152,0.1894873874858421,0.1857978957542757,0.18760852637412828,0.18803901501467166,0.18966293178629384,0.18599615082511944,0.18567569954032656,0.19110593129903722,0.1874603656318264,0.933579846069914,0.0020595911095502508,0.9354974908130128,0.9367646435266133,0.9327596901912085,0.9322926507874952,0.9354722162044078,0.9347973049440103,0.9303905751118146,0.9348118831075508,0.9321824076111835,0.9308295984018428,80.05050505050505,0.2525252525252526,80.3030303030303,80.3030303030303,80.3030303030303,79.79797979797979,79.79797979797979,79.79797979797979,80.3030303030303,79.79797979797979,79.79797979797979,80.3030303030303,59.04040404040404,0.8585858585858588,58.58585858585859,59.09090909090909,59.09090909090909,58.08080808080808,58.58585858585859,57.57575757575758,59.5959595959596,60.60606060606061,59.09090909090909,60.101010101010104
streptokinase,8.22237651348114,0.1033871840886383,7.928560018539429,8.279905319213867,8.318071842193604,8.260083198547363,8.259835243225098,8.275085210800171,8.236155033111572,8.199448585510254,8.205597400665283,8.26102328300476,0.7447335811648079,0.8848924560590973,0.010350401963047866,0.8794642857142857,0.8923766816143498,0.9103139013452914,0.8761061946902655,0.8839285714285714,0.8834080717488789,0.8899082568807339,0.88,0.8828828828828829,0.8705357142857143,0.2552664188351921,0.32367566194942066,0.004530401163217447,0.3233082706766917,0.3210332103321033,0.3296296296296296,0.32592592592592595,0.3247232472324723,0.3233082706766917,0.31365313653136534,0.3296296296296296,0.3258426966292135,0.31970260223048325,0.659009127746614,0.007708291920435888,0.6549665870065499,0.6645828818466223,0.6779413317329865,0.6524657038523539,0.6582912904938927,0.6579036569034402,0.6627445630549208,0.655365551425031,0.6575125311184791,0.648317180031864,0.08262352708993884,0.001156459280821306,0.08252974443543803,0.081948997928641,0.08414337509752627,0.0831979439166552,0.0828909404335679,0.08252974443543803,0.08006511291878719,0.08414337509752627,0.08317669827214125,0.08160933836366735,0.8735131602456919,0.005440288020232771,0.8689992359427794,0.8799532352576397,0.8833654826851685,0.8674132056617395,0.8706901791130266,0.872717853183023,0.8778477899271814,0.8759062449361302,0.8728680519886766,0.8653703237615542,0.37451881319715713,0.003433388328042218,0.37868349026189196,0.3734745059223607,0.3753343608960948,0.372252310874521,0.37590109613085687,0.37581090746477447,0.36714295138693864,0.38014565136886147,0.3726588369698783,0.3737840206953932,66.17079889807162,0.7674043127925153,65.56473829201101,66.11570247933884,68.04407713498622,65.84022038567493,65.84022038567493,65.0137741046832,66.39118457300276,65.84022038567493,66.39118457300276,66.66666666666667,86.14325068870524,0.24793388429751956,86.50137741046832,85.9504132231405,86.22589531680441,85.9504132231405,85.9504132231405,86.22589531680441,85.67493112947659,86.50137741046832,86.22589531680441,86.22589531680441
toxin_B,1.1313087940216064,0.03349219004106483,1.051208734512329,1.1235997676849365,1.1664986610412598,1.1342296600341797,1.1664197444915771,1.1335291862487793,1.1217775344848633,1.1671912670135498,1.1045546531677246,1.1440787315368652,0.9640883977900553,0.9383022774327122,0.01119430126363052,0.9142857142857143,0.9420289855072463,0.9571428571428572,0.927536231884058,0.9428571428571428,0.9428571428571428,0.9420289855072463,0.9428571428571428,0.9285714285714286,0.9428571428571428,0.035911602209944715,0.05890410958904109,0.010698972158776236,0.0547945205479452,0.0547945205479452,0.0547945205479452,0.0684931506849315,0.0684931506849315,0.0684931506849315,0.0684931506849315,0.0410958904109589,0.0684931506849315,0.0410958904109589,0.9046063392928634,0.010792295969632737,0.8814522494080506,0.9081992153094723,0.922770323599053,0.8942269196893267,0.9089976322020521,0.9089976322020521,0.9081992153094723,0.9089976322020521,0.8952249408050513,0.9089976322020521,0.002115340952092636,0.0003842172322212462,0.001967759025202452,0.001967759025202452,0.001967759025202452,0.002459698781503065,0.002459698781503065,0.002459698781503065,0.002459698781503065,0.001475819268901839,0.002459698781503065,0.001475819268901839,0.8883809356361558,0.009040109122749922,0.8760039862028148,0.9023762968571619,0.8960208116670405,0.8723356515055082,0.8923841002331231,0.8981359825630764,0.8858559845390303,0.8828275530077382,0.8902274195294237,0.8876415702566413,0.1472175731290912,0.03480478170489372,0.1292468627130525,0.13870706208150752,0.15140861212511414,0.18411266891381547,0.1773583600767902,0.17072176902973288,0.18720971794143323,0.09382304421851546,0.15803093091344106,0.0815567032775092,83.9189189189189,2.132396464602634,85.13513513513513,86.48648648648648,83.78378378378379,86.48648648648648,83.78378378378379,85.13513513513513,82.43243243243244,85.13513513513513,79.72972972972973,81.08108108108108,84.99999999999999,0.9459459459459426,83.78378378378379,86.48648648648648,85.13513513513513,85.13513513513513,85.13513513513513,83.78378378378379,86.48648648648648,83.78378378378379,85.13513513513513,85.13513513513513
ubiquitin,2.1397488832473757,0.05635624230764825,1.9908156394958496,2.121037244796753,2.1831798553466797,2.153595209121704,2.1827480792999268,2.1427834033966064,2.113856792449951,2.174705743789673,2.136779546737671,2.1979873180389404,0.7090239410681399,0.7964912842678329,0.009622398610184326,0.8053097345132744,0.7719298245614035,0.7894736842105263,0.7964601769911505,0.8035714285714286,0.8070175438596491,0.7964601769911505,0.7982456140350878,0.8018018018018018,0.7946428571428571,0.29097605893186007,0.42690688663917004,0.010293579110988627,0.41732283464566927,0.42857142857142855,0.448,0.4126984126984127,0.432,0.44,0.42063492063492064,0.42063492063492064,0.42063492063492064,0.42857142857142855,0.564731389398003,0.006822510985121497,0.5709838817451393,0.5473167264385641,0.5597557429485315,0.5647093335940938,0.5697513812154696,0.5721947594584988,0.5647093335940938,0.5659752512035152,0.5684966734690492,0.5634208103130754,0.12421968340513605,0.0029951850820187894,0.12143095372746913,0.12470402525651143,0.1303572744014733,0.12008535765441841,0.12570165745856351,0.1280294659300184,0.12239469145546493,0.12239469145546493,0.12239469145546493,0.12470402525651143,0.8125965238003495,0.003585622008995488,0.8132258128779652,0.803783022662118,0.8097388961716939,0.8179582952315366,0.8127666235034241,0.8128766868502776,0.8149019609177749,0.8124768133866077,0.8127940987226443,0.8154430276794531,0.4569993527049577,0.011882144582938278,0.44785186858656817,0.46592118542878647,0.4720259966954954,0.4284823297201747,0.4568343662131242,0.4672898810726298,0.45148015880035564,0.4549166067551158,0.46435634107364204,0.4608347927036842,69.1549295774648,1.3655436218074144,69.01408450704226,70.4225352112676,70.4225352112676,70.4225352112676,66.19718309859155,69.71830985915493,68.30985915492958,70.4225352112676,69.01408450704226,67.6056338028169,57.88732394366197,1.1699470229462083,58.45070422535211,56.33802816901409,59.15492957746479,57.74647887323944,58.45070422535211,59.15492957746479,59.15492957746479,57.04225352112676,55.63380281690141,57.74647887323944
zinc_finger,1.665219235420227,0.04184845652835483,1.5588955879211426,1.6559374332427979,1.7060761451721191,1.6585719585418701,1.7004003524780273,1.6543753147125244,1.6592016220092773,1.698009729385376,1.6531293392181396,1.707594871520996,0.487248322147651,0.6113042398418814,0.024686249316905738,0.620253164556962,0.5921052631578947,0.6363636363636364,0.65,0.5844155844155844,0.6052631578947368,0.6025641025641025,0.6329113924050633,0.5657894736842105,0.6233766233766234,0.512751677852349,0.642134006474157,0.019673189605780676,0.6438356164383562,0.6438356164383562,0.6527777777777778,0.6805555555555556,0.647887323943662,0.6388888888888888,0.6111111111111112,0.6575342465753424,0.6111111111111112,0.6338028169014085,0.29785696518470195,0.012028333559780915,0.3022173137371506,0.28850229600847754,0.3100671140939597,0.31671140939597314,0.2847555129434324,0.2949134581419993,0.29359834796076406,0.3083850140175007,0.2756799717414341,0.3037392138063279,0.32925528922567515,0.010087460979071431,0.3301277925898685,0.3301277925898685,0.3347129008202834,0.3489560029828486,0.33220531241138107,0.3275913497390007,0.31334824757643553,0.337151788176887,0.31334824757643553,0.3249834577937423,0.6094143182282731,0.02047810006777247,0.62217793395347,0.6400524771066739,0.6367368453345685,0.6113631392188796,0.6117364594848694,0.5996026993743461,0.5796907090152162,0.6197912583589711,0.5765396124056753,0.5964520480300612,0.6458469800700246,0.013074275917633275,0.6603093402771056,0.6453714136599994,0.6430040880979934,0.6326711900219469,0.6603178710836236,0.6629499923518702,0.6202199660044944,0.6432042355246111,0.6539240722726195,0.6364976314059814,89.0721649484536,0.944860968032131,89.69072164948453,89.69072164948453,88.65979381443299,88.65979381443299,89.69072164948453,90.72164948453609,89.69072164948453,87.62886597938144,88.65979381443299,87.62886597938144,84.12371134020619,1.4724594698026476,82.47422680412372,87.62886597938144,83.50515463917526,85.56701030927834,82.47422680412372,84.5360824742268,83.50515463917526,83.50515463917526,83.50515463917526,84.5360824742268
fatty_acid_synthase,3.1268555164337157,0.08497363673681545,2.886051654815674,3.141920566558838,3.172762870788574,3.1155624389648438,3.158238649368286,3.148796558380127,3.1393256187438965,3.193264961242676,3.111656904220581,3.200974941253662,0.047304730473047306,0.08932009167303286,0.001741653594081951,0.08823529411764706,0.08823529411764706,0.09090909090909091,0.08823529411764706,0.09090909090909091,0.09090909090909091,0.08823529411764706,0.08571428571428572,0.09090909090909091,0.09090909090909091,0.9526952695269527,0.9777746018365979,0.003177481309461332,0.9814814814814815,0.9806451612903225,0.975,0.9746835443037974,0.9810126582278481,0.9810126582278481,0.9748427672955975,0.974025974025974,0.9745222929936306,0.9805194805194806,0.004225262862420696,8.238845384546075e-05,0.004173946806445351,0.004173946806445351,0.004300430043004301,0.004173946806445351,0.004300430043004301,0.004300430043004301,0.004173946806445351,0.004054691183404055,0.004300430043004301,0.004300430043004301,0.9315212378333267,0.003027171412534115,0.9350527645357128,0.9342560062457859,0.9288778877887789,0.9285764019439918,0.9346061188397321,0.9346061188397321,0.9287280929350797,0.9279499378509279,0.9284227785835909,0.9341362707699342,0.12188289002909829,0.0008367797565805304,0.12128630556839483,0.12309296567019029,0.12224745657451898,0.12163031799834953,0.1208772410257188,0.12264142865859243,0.12240862350170643,0.12052599031272865,0.12127871130266521,0.12283985967811763,0.9734464755184536,0.007427029572596885,0.9679247400038856,0.9782517876432503,0.9615881518632706,0.9617919509650975,0.9786138333960982,0.9803664043327875,0.9793873570117144,0.9673945216735189,0.9796141500074727,0.9795318582874407,82.01716738197425,0.30042918454935547,81.97424892703863,81.54506437768241,81.97424892703863,81.97424892703863,82.40343347639485,82.40343347639485,81.97424892703863,81.97424892703863,82.40343347639485,81.54506437768241,69.05579399141631,1.0933681719190569,69.09871244635193,69.09871244635193,66.09442060085837,70.3862660944206,68.6695278969957,69.09871244635193,69.95708154506438,69.52789699570816,69.52789699570816,69.09871244635193
RNA_binding,1.7667142152786255,0.051654814617425916,1.627734661102295,1.7602849006652832,1.7890753746032715,1.7553350925445557,1.800227403640747,1.7601847648620605,1.761521339416504,1.8077149391174316,1.7774674892425537,1.8275961875915527,0.9981167608286252,1.0,0.0,1.0,1.0,1.0,1.0,1.0,1.0,1.0,1.0,1.0,1.0,0.0018832391713747842,0.0,0.0,0.0,0.0,0.0,0.0,0.0,0.0,0.0,0.0,0.0,0.0,0.9981167608286251,1.1102230246251565e-16,0.9981167608286252,0.9981167608286252,0.9981167608286252,0.9981167608286252,0.9981167608286252,0.9981167608286252,0.9981167608286252,0.9981167608286252,0.9981167608286252,0.9981167608286252,0.0,0.0,0.0,0.0,0.0,0.0,0.0,0.0,0.0,0.0,0.0,0.0,0.9949450116524089,0.0009097565237170885,0.9925698189398852,0.9955313349656782,0.995614712948408,0.9957767960605428,0.9957767785036791,0.9950901164885103,0.994605355225001,0.9949967640841105,0.9950901369732559,0.9943983023350179,0.0029088083422443532,0.00017912510977319477,0.002738562021367154,0.0029528678493035087,0.003183891664889132,0.0030090090702008473,0.002738616704182639,0.0027906600204912284,0.002952847296923496,0.002588169262026901,0.0031244816405692727,0.0030089778924893527,86.80672268907564,0.5380776670111648,86.5546218487395,86.5546218487395,86.5546218487395,86.5546218487395,87.39495798319328,87.39495798319328,86.5546218487395,85.71428571428571,87.39495798319328,87.39495798319328,96.38655462184872,0.5380776670111619,95.7983193277311,96.63865546218487,96.63865546218487,95.7983193277311,96.63865546218487,95.7983193277311,97.47899159663865,96.63865546218487,95.7983193277311,96.63865546218487
transcription3,2.4761663913726806,0.05829333837692464,2.3071792125701904,2.4933810234069824,2.505429267883301,2.487375497817993,2.5143821239471436,2.488826274871826,2.4849812984466553,2.522165536880493,2.466400384902954,2.4915432929992676,0.8627925746569814,0.8823267229826621,0.013470541350200208,0.8740740740740741,0.8863636363636364,0.9037037037037037,0.8863636363636364,0.8540145985401459,0.8721804511278195,0.8931297709923665,0.8731343283582089,0.8939393939393939,0.8863636363636364,0.13720742534301855,0.4304694557371828,0.012904368550457412,0.4125874125874126,0.4206896551724138,0.4513888888888889,0.4068965517241379,0.4413793103448276,0.4305555555555556,0.4375,0.4295774647887324,0.4375,0.43661971830985913,0.7612649450108683,0.011622283053562572,0.7541446208112875,0.7647479639005063,0.7797088452455684,0.7647479639005063,0.7368374542691009,0.752510816994059,0.7705857346173041,0.7533338151855733,0.7712842712842712,0.7647479639005063,0.05906360571050934,0.0017705751844856814,0.05661005661005661,0.057721744454649185,0.06193390727289032,0.05582922824302134,0.06056051877209095,0.05907541924491077,0.060028248587570616,0.05894121792904318,0.060028248587570616,0.05990746740328979,0.8579687561812719,0.014722689229638134,0.8348061620571441,0.8593528789673707,0.8643135629276036,0.8758802716241557,0.8315319549417866,0.8645015012364864,0.8630445607850433,0.8451753022877784,0.8673040899369072,0.8737772770484431,0.48568640142836284,0.01722480355973792,0.46574260782364424,0.46804686226938214,0.5105923783767852,0.46431517102328257,0.4927526141623513,0.48612136783205306,0.5078184904249659,0.5042227155365213,0.46868238723157574,0.4885694196030666,83.43373493975903,1.241899284824596,81.92771084337349,84.33734939759036,82.53012048192771,84.33734939759036,81.32530120481928,85.5421686746988,82.53012048192771,83.73493975903614,83.73493975903614,84.33734939759036,78.55421686746988,1.59837339294236,77.71084337349397,79.51807228915662,78.91566265060241,77.10843373493977,78.3132530120482,77.71084337349397,81.92771084337349,80.12048192771084,78.3132530120482,75.90361445783132
transcription_4,6.5979318857193,0.13284288839219405,6.211106538772583,6.618891000747681,6.692755699157715,6.680133104324341,6.67022967338562,6.6653618812561035,6.6129748821258545,6.622417211532593,6.601132869720459,6.604315996170044,0.07219083490269931,0.15001137891950656,0.007174139989775673,0.16,0.14166666666666666,0.1557377049180328,0.1487603305785124,0.1557377049180328,0.14166666666666666,0.13821138211382114,0.15,0.15,0.15833333333333333,0.9278091650973007,0.9429613318636777,0.0060020966606596175,0.934010152284264,0.9504950495049505,0.9504950495049505,0.9408866995073891,0.93717277486911,0.9494949494949495,0.9447236180904522,0.934010152284264,0.9441624365482234,0.9441624365482234,0.010829446689104367,0.0005179071555707488,0.01155053358443189,0.010227034944549069,0.011242834943863009,0.01073913246486436,0.011242834943863009,0.010227034944549069,0.00997759506785275,0.010828625235404897,0.010828625235404897,0.011430215526260725,0.8748881660354775,0.00556880029155988,0.8665831795832657,0.8818780183103055,0.8818780183103055,0.8729633031211056,0.8695174898032295,0.8809501163550129,0.8765232313482036,0.8665831795832657,0.8760025619700403,0.8760025619700403,0.21956645435247463,0.003984559071893957,0.21976111350391006,0.2167590541631712,0.22188743295559069,0.2210765722263296,0.21464729996196108,0.21970151285114878,0.21536905419430077,0.21990016485516015,0.21721337504095414,0.22934896377222005,0.9340972062436521,0.0029651249108903215,0.9336736697795481,0.9334579320690319,0.9322022926779419,0.9322616115162106,0.9334649919991742,0.9381032737263029,0.937085319653372,0.9291596183816205,0.9393129474274152,0.9322504052059026,82.82051282051283,0.2564102564102555,82.82051282051282,82.82051282051282,82.82051282051282,83.33333333333333,82.82051282051282,82.3076923076923,82.82051282051282,82.56410256410257,83.07692307692308,82.82051282051282,60.3076923076923,0.7501917352988625,61.02564102564103,60.76923076923077,58.97435897435897,58.97435897435897,61.02564102564103,60.76923076923077,60.51282051282051,60.51282051282051,60.76923076923077,59.743589743589745
ion_channel,4.26202962398529,0.0832480966088403,4.024922609329224,4.2869720458984375,4.333805799484253,4.279364585876465,4.3153393268585205,4.2429773807525635,4.279111862182617,4.310197591781616,4.252422571182251,4.295182466506958,0.15903890160183065,0.32481599407626804,0.007439934325855177,0.32,0.32,0.32,0.3380281690140845,0.3380281690140845,0.32432432432432434,0.323943661971831,0.3150684931506849,0.32,0.3287671232876712,0.8409610983981693,0.8753189388223255,0.006158895811500296,0.8828828828828829,0.8691588785046729,0.8818181818181818,0.8727272727272727,0.8761904761904762,0.8828828828828829,0.8715596330275229,0.8648648648648649,0.8703703703703703,0.8807339449541285,0.0516583789205964,0.001183238983173765,0.05089244851258581,0.05089244851258581,0.05089244851258581,0.053759628710477965,0.053759628710477965,0.05158018430329643,0.05151964418087472,0.05010814708002883,0.05089244851258581,0.05228676217046487,0.7361091762407429,0.005179391786559165,0.7424701589461314,0.7309288051498107,0.7415747867692948,0.7339296858747659,0.7368421052631579,0.7424701589461314,0.7329477463103311,0.7273177067227411,0.7319476226798881,0.7406629857451767,0.32593221069455136,0.008691681694379614,0.3229953570899738,0.32201996550514006,0.3261164132667699,0.342485020253412,0.3367239042309587,0.3290754555075623,0.3109200578553222,0.3157264596959494,0.32605646045669856,0.3272030130837266,0.8876938039562935,0.010482672361354153,0.8988720406938763,0.872359193015428,0.8896642710743302,0.870171735464973,0.8770793361482098,0.8904623188773141,0.8960866685020642,0.8978789687253977,0.8853603693943859,0.8990031376669553,86.9915254237288,0.38135593220338965,87.28813559322033,87.28813559322033,86.86440677966101,87.28813559322033,86.01694915254237,86.86440677966101,87.28813559322033,87.28813559322033,86.86440677966101,86.86440677966101,60.04237288135594,0.9293098389602245,60.16949152542373,60.16949152542373,58.898305084745765,61.016949152542374,58.05084745762712,61.440677966101696,59.74576271186441,60.16949152542373,60.16949152542373,60.59322033898305
ion_channel3,2.109261393547058,0.0544009528714936,1.9567086696624756,2.1181750297546387,2.1558749675750732,2.1018173694610596,2.141181230545044,2.1104984283447266,2.128765821456909,2.143301010131836,2.0926778316497803,2.143613576889038,0.34524929444967073,0.36974688103199427,0.01159791324784805,0.375,0.3854166666666667,0.3684210526315789,0.35789473684210527,0.3894736842105263,0.3804347826086957,0.3655913978494624,0.3548387096774194,0.358695652173913,0.3617021276595745,0.6547507055503292,0.8188200141563289,0.01312861093274026,0.8305084745762712,0.8017241379310345,0.8189655172413793,0.808695652173913,0.8260869565217391,0.8034188034188035,0.8347826086956521,0.8260869565217391,0.8362068965517241,0.8017241379310345,0.12765484980126235,0.004004171365908026,0.12946848541862652,0.1330648322358106,0.12719710848145763,0.12356290538198741,0.13446551468039808,0.13134484027976603,0.12622017216439577,0.1225078141595606,0.12383942083520798,0.12487740437541282,0.5361229819875869,0.008595967271107454,0.5437760096943413,0.5249294449670743,0.5362182502351834,0.5294940488363532,0.5408810176285328,0.5260390283908628,0.5465745020246227,0.5408810176285328,0.5475070555032925,0.5249294449670743,0.37185201098552834,0.014938863935856252,0.3690128169973232,0.3988545095687354,0.3592769246259152,0.3560460601807451,0.39302267551516756,0.37737985165552174,0.37142246829174225,0.3542094716712007,0.38161895823047276,0.3576763731184593,0.7967064151326507,0.005247590383661701,0.7938423112831063,0.7962793725198454,0.7967351083964316,0.7890885353893686,0.8022464270048348,0.7984246434015512,0.7968085894868155,0.7899593054002306,0.7956322817642277,0.808047576680096,79.93464052287581,0.8293187934934297,79.08496732026144,79.73856209150327,81.04575163398692,80.3921568627451,78.43137254901961,80.3921568627451,79.73856209150327,79.08496732026144,81.04575163398692,80.3921568627451,72.02614379084969,1.5956281850632281,70.58823529411765,71.89542483660131,73.85620915032679,72.54901960784314,71.89542483660131,73.85620915032679,70.58823529411765,74.50980392156863,69.28104575163398,71.24183006535948
transcription2,3.937340426445007,0.07139076174276482,3.738330841064453,3.9543023109436035,3.991323232650757,3.961876392364502,3.996222734451294,3.9249839782714844,3.909942865371704,3.9529805183410645,3.9547107219696045,3.9887306690216064,0.7866161616161617,0.8495667766455464,0.008933582820283427,0.8357142857142857,0.8561643835616438,0.8561151079136691,0.8402777777777778,0.8551724137931035,0.8671328671328671,0.8472222222222222,0.8402777777777778,0.8482758620689655,0.8493150684931506,0.21338383838383834,0.5150868225347445,0.020957746084776047,0.4857142857142857,0.5072463768115942,0.5068493150684932,0.5428571428571428,0.5217391304347826,0.5285714285714286,0.5492957746478874,0.5147058823529411,0.48,0.5138888888888888,0.6682829568815346,0.007027300627571411,0.6573863636363637,0.6734727411097274,0.6734339800886564,0.6609760802469137,0.6726924416579589,0.682100727555273,0.6664386924803591,0.6609760802469137,0.6672675026123303,0.6680849591808495,0.10991120329339873,0.0044720443034433725,0.10364357864357863,0.10823817889035281,0.10815345233153452,0.11583694083694082,0.11133069828722002,0.11278860028860029,0.1172108408023901,0.10982991681521091,0.10242424242424242,0.10965558361391693,0.8454753995000424,0.005889175866221079,0.8340458500897847,0.8424947247142892,0.8439729544395933,0.8447341098769038,0.845892154471631,0.8450157883260632,0.84262788149013,0.8471661142277424,0.8502930479481424,0.8585113694161443,0.4562574314098221,0.006939478861503811,0.4514062625838703,0.4638222769180697,0.4473893331700251,0.4653763765707886,0.46020252667841277,0.4580630329029772,0.4590244150361623,0.46241920232114936,0.44436118818320103,0.45050969973356453,83.06220095693779,0.6490267926435694,83.2535885167464,82.77511961722487,81.81818181818181,83.2535885167464,83.2535885167464,84.21052631578948,82.77511961722487,83.2535885167464,83.73205741626795,82.29665071770334,73.15789473684211,0.7847473429118074,73.6842105263158,72.72727272727273,73.6842105263158,72.72727272727273,73.6842105263158,73.20574162679426,72.72727272727273,71.29186602870813,74.16267942583733,73.6842105263158
